search_terms,basin_code,basin_name,search_completed,basin_count,"Search Notes, Identify any issues ",over_ten_k,finished
Aral OR Syr Daria OR Naryn OR Amu Daria OR Syr Darya OR Amu Darya OR Akhangaran OR Chirchik,ARAL,Aral Sea,N,4418,,,
Asi OR Orontes OR Amik Golu,ASIX,Asi/Orontes,N,"10,000+",,,
Abhe Bid Hayak OR Awash OR Finochaa OR Gemeri Hayak OR Petit Akabi OR Sendafa,AWSH,Awash,N,"10,000+",,,
Bann OR CAPS(Black Water) OR Laugh Neagh OR CAPS(Lower Laugh) Erine,BANN,Bann,N,"8,274",,,
Benito OR Ntem,BENT,Benito/Ntem,N,"7,454",,,
Bia,BIAX,Bia,N,"4,926",,,
Belize OR Mopan,BLZE,Belize,N,"4,560",,,
Columbia OR Christina Lake OR Clolumbia OR Columbia Lake OR CAPS(Cranberry) OR Duncan Lake OR CAPS(Dutch) OR Findlay OR CAPS(Fry) OR CAPS(Goat) OR Hosethief OR Kootenay OR Kootenay Lake OR Lardean OR Lower Arrow Lake OR Skaha Lake OR Slocan Lake OR Upper Arrow Lake OR Whiteswan Lake OR Windermere Lake OR Banks Lake OR Bunt OR Burrell OR Butter OR Chewuch OR CAPS(Crab) OR CAPS(Crater) OR CAPS(Crooked) OR Deschutes OR Grandy OR Imnaha OR Jon Day OR Joseph Cr OR Kalama OR Klickitat OR Lake Chelan OR Lake Owyhee OR Lake Pend Ireukke OR CAPS(Billy Chinook) OR Little Crater Creek OR Little Malheur OR Lostine OR Lower Willow Creek OR Malheur OR McKenzie OR Meadow Creek OR Methow OR Middle Creek OR CAPS(Middle Fork) OR Minam OR CAPS(Mine Creek) OR Moses Lake OR N Fork Sanpoil OR N Fork Jon Day OR North Fork OR North Fork Sugar Creek OR North Santiam OR North Sugar Creek OR Ochoco Lkae OR Okanogan OR Omak Lake OR Osoyoos Lake OR Owyhee OR Palouse OR Pend Oreille OR Pleasany Creek OR Pole Creek OR Potholes OR Potlatch OR CAPS(Powder) OR Prineville  OR CAPS(Rock) OR Roosevelt Lake OR Rufus Woods Lake OR CAPS(Salmon) OR Sanpoil OR CAPS(Snake) OR South Santiam OR St. Joe OR St. Maries OR Troublesome Creek OR Trout Creek OR Tumalo OR Turkey Creek OR Umatilla OR Ute Creek OR Wala Wala OR Wallowa OR Wallowa Lake OR CAPS(Warm Springs) OR Wenaha OR West Little Owyhee OR Willamette OR Williams Fork OR Willow Creek OR Yakima,CLMB,Columbia,N,"10,000+",,,
CAPS(Coco) OR Segovia OR Amaka OR Bocay OR Waspuk,COCO,Coco/Segovia,N,"10,000+",,,
Cullen,CULL,Cullen,N,"10,000+",,,
Cavally OR Dube,CVLY,Cavally,N,"3,997",,,
Dnieper OR Byarezina OR Pinsk Marshes OR Ptsich OR Sozh OR Iput' OR Desna OR Dniepr OR Horyn' OR Inhulets OR Kremenchats'ke Vdskh OR Prypyats' OR Ps'ol OR Seym OR Sluch OR Snov OR Stokhid OR Styr OR Sula OR Uzh OR Vopskla OR,DNPR,Dnieper,N,"4,667",,,
Cemerice OR Drin OR Drinizi OR Fshat OR Gjemon OR Gjonc OR Kamenice OR Kasaj OR Lavdan OR Leminot OR Markez OR Ohridsko Jezero OR Lake Ohrid OR Prifte OR Sopale OR Teqese OR T'plan OR Tropoje OR Verlen OR Zberga OR Beli Drim OR Pecska Bistrica,DRIN,Drin,N,"10,000+",,,
Drysa OR Dzirina Zakh OR Dzisna OR Voz Drysvyaty OR Voz Snudy OR Levuo OR Aiviekeste OR Berze OR Daugava OR Lecaba OR Lielupe OR Lubanas Ezers OR Lucava OR Maita OR Memele OR Misa OR Musa OR Ogre OR Pededze OR Reznas Ezers OR Rusonu Ezers OR Sivera Ezers OR Svete,DUGV,Daugava,N,"10,000+",,,
CAPS(Aguas Limpias) OR Al canadre OR Ara OR Aragon OR Arba OR Arga OR Barranco El Grado OR Bergantes OR Cinca OR Ebro OR Embalse de Santolea OR Embalse de Sotonera OR Embalse de Canelles OR Embalse de Mediano OR Embalse de Santa Anna OR Embalse de Talarn OR Embalse de Yesa OR Embalse de Mequinenza OR Esca OR Escarra OR Esera OR Espot OR Gallego OR Guadalope OR Huerva OR Irati OR Jalon OR Jiloca OR Lago Arriel OR Martcn OR Noguera Pallaresa OR Noguera Ribagorzana OR Panta de Riva-roga OR Peguera OR Pineta OR Riguel OR Segre OR Somero OR Urdiceto,EBRO,Ebro,N,"10,000+",,,
Elbe OR Bilina OR Moricuv potok OR Mze OR Odrava OR Ohre OR Ploucnice OR Radbuza OR Tepla OR Aland OR Alster OR Biese OR Bleiloch Talsperre OR Bode OR Do sse OR Dumme OR Ehle OR Fiener Bruch OR Fuhne OR Havel OR Ilm OR Jeetzel OR Kalte Bode OR Milde OR Mulde OR Rappbode OR Saale OR Schaal see OR Schilde OR Schwarze Elster OR Selke OR Stepenitz OR Stor OR Sude OR Uchte OR Wipper OR Zillierbach,ELBE,Elbe,N,"10,000+",,,
CAPS(Flurry),FLRY,Flurry,N,1338,,,
CAPS(Fly),FLYX,Fly,N,"10,000+",,,
Fraser OR Adams OR Adams Lake OR Akie OR Baezaeko OR CAPS(Big Creek) OR CAPS(Blueberry) OR Bonaparte OR Bowron OR Cameron OR Canim Lake OR Carp Lake OR Chilcotin OR Chilko OR Chilko Lake OR Chillwack OR Chillwack Lake OR Crooked OR Doig OR CAPS(Driftwood) OR Eutsuk Lake OR Finlay OR Francois Lake OR Gamsby OR CAPS(Gardner Canal) OR CAPS(Graham) OR CAPS(Green) Lake OR CAPS(Halfway) OR Herrick OR CAPS(Horsefly) Lake OR Ingenika OR Kitlope OR Kwadacha OR Lillooet Lake OR Mabel Lake OR Maligne Lake OR Mc Gregor OR McLeod Lake OR Mesilinka OR Milligan Creek OR Murphy Lake OR Murtle Lake OR Nachako OR Nation OR Nazko OR Nechako OR Nechako Reservoir OR Nicola OR North Thomson OR Omineca OR Ootsa Lake OR Osilinka OR Ospika OR CAPS(Peace) OR Pinchi Lake OR CAPS(Pine) OR Quesnel OR Quesnel Lake OR CAPS(Salmon) OR Shuswap Lake OR Skagit OR Stuart OR Stuart Lake OR Takla Lake OR Taseko OR Testachuck Lake OR Thomson OR Tohtsa Lake OR Trenbleur Lake OR Tsacha Lake OR West Road OR Whit Sail,FRSR,Fraser,N,"10,000+",,,
Firth OR Joe OR Mancha,FRTH,Firth,N,"10,000+",,,
Gallegos OR CAPS(Chico),GALG,Gallegos/Chico,N,8275,,,
Gambia OR Sandougou,GAMB,Gambia,N,"10,000+",,,
Ganges OR Brahmaputra  OR Meghna OR Jamuna OR Yarlung OR Raka OR Maquan OR Yi'ong OR Arunavati OR Baitha Nalla OR Banjari Nalla OR Barotha Nalla OR Basuki OR Betwa OR Bhat OR Bhima OR Bhudna Nalla OR Bora Nala OR Bori Nalla OR Bori OR Brah Maputra OR Buchaopa Nala OR Budhabudiani OR Chakar OR Chambal OR Chandrakeshar OR Deogud OR Dhu'sia Nalla OR Dibgrajheda OR Dihang OR Dongrakheda OR Erai OR Gamori OR Gandak OR Ganji OR Gej OR Ghaghara OR Ghod OR Ghunghutta OR Gomati OR CAPS(Human) OR Jamni OR Jhumka OR Jhura OR Kanoli OR Kans OR Ken OR Khakra Jore OR Khaprar Nalla OR Kharpara OR Kims Nalla OR Koop Nalla OR Kundan Nalla OR Lakheri OR Local Drain OR Manas OR Mandale OR Maska Nalla OR Mayurakshi OR Momanpura OR Moti Nalla OR Mutki OR Nagda Nalla OR Negri OR Pahuj OR Paras OR Paronch OR Pathrai OR Phon OR Pip Nalla OR Rajewasti OR Rohini OR Sagar Betwa OR Sajnam OR Sampna OR Saprar OR Sarda OR Shahjad OR Shetfal Nalla OR Sijar OR Sind OR Sindh Nalla OR Sindh Yamuna OR Son OR Songhua OR Subarnarekha OR Surhi OR Takli Kheda OR Tapti OR Tisla OR Uttari Stream OR Vel OR Yamuna OR Arun OR Karnali OR Sapt Kosi OR Sun Kosi OR Tamur,GANG,Ganges-Brahmaputra-Meghna,N,"10,000+",,,
Gash,GASH,Gash,N,"5,002",,,
Grijalva OR Grijalva OR CAPS(Azul),GJLV,Grijalva,N,8069,,,
Affluent du Lot OR Agout OR Alrance OR Ariege OR Arrats OR Aveyron OR Bage OR Baise OR Ceret OR Cerou OR Dadou OR Dourdou OR Dropt OR Garonne OR Gelise OR Gers OR Gesse OR Gimone OR Labenede OR Lezert OR Lot OR Osse OR Save OR Tarn OR Tolerme OR CAPS(Touch) OR Truel OR Truyere OR Valescure OR Vebre OR Viaur OR Vioulou OR Ardila OR Campilhas OR Chanca OR Cobres OR Dogeba OR Odivelas OR Roxo OR Vale Diogo OR Vascao OR Xarrama,GRON,Garonne,N,"10,000+",,,
CAPS(Great) Scarcies,GSCR,Great Scarcies,N,"10,000+",,,
Anpyung OR Banbyon OR Bongjeon OR Buk OR Chachon OR Chongyong OR Chungdo OR Dae OR Donghwa OR Eumsung OR Gabsan OR Geumho OR Geumpo OR Gisegok OR Guan OR Gugeo OR Gumi OR Gupyung OR Gyungho OR CAPS(Han) OR Hangye OR Ieon OR Ilgwang OR Janggok OR Jangsu OR Jasan OR Jinchon OR Jinwi OR Jongri OR Joryong OR Jungdong OR Milwon OR Mulchi OR Munam OR Myungam OR Naega OR Naesung OR Nakdong OR Namhan OR Pumgok OR Sagae OR Samgi OR Seokhwa OR Soga OR Suyeong OR Suyong OR Wangjwa OR Woldong OR Yo OR Yongchon OR Yongge OR Yongwoon OR Chongryong OR Hanchon,HANX,Han,N,"10,000+",,,
Hari OR Harirud,HARI,Hari/Harirud,N,7991,,,
Ab-e Istadeh-ye OR Arghanadab OR Dasht-e Nuvar OR Hamuh-e  Puzak OR Helmand OR Rowd-e Lurah OR Tarnak OR Kor OR Sivand,HLMD,Helmand,N,"10,000+",,,
Hondo OR CAPS(Azul) ,HOND,Hondo,N,5808,,,
Har Us Nur,HRUN,Har Us Nur,N,"10,000+",,,
Indus OR Shiqnan OR Aarzan Garzan OR Beas OR Bodhegaon OR Gilgit OR Jogwada OR Koyna OR Kundlika OR Saraswati OR Sindphana OR Chenab OR Haro OR Jamergal OR Jhelum OR Kabul OR Khal Kass OR Kundar OR Manch har Lake OR Nain Sikh OR Ravi OR Saddle Dam OR Sutlej OR Swat OR Tain Pura OR Zhob,INDU,Indus,N,"10,000+",,,
Irrawaddy OR Daying OR Long Chuan OR Thoubal Turel OR Logtak Lake OR Chidwin OR Chindwin OR Chinthe OR Gedu OR Heinhtun OR Iudawgyi Lake OR Kaukkwe OR Kiu OR Kodan OR Lang OR CAPS(Ma) OR Mali OR Manipur OR Meza OR CAPS(Mon) OR Mu OR Myitnge OR Myittha OR Nampak OR Namyin OR Nat E-zu OR Nmai OR Pani OR Schweli OR Tainggwin OR Tamai OR Tarung OR Tizu-Nantaleik OR Uyn OR CAPS(Yao) OR CAPS(Yu) OR Zahaw,IRWD,Irrawaddy,N,"10,000+",,,
Jacobs,JCBS,Jacobs,N,"10,000+",,,
Jordan OR CAPS(Dead Sea) OR Sea of Galilee OR Nahr az Zarga OR Wadi al Jaydyb OR Yarmuk OR Hasbani,JORD,Jordan,N,"10,000+",,,
Juba OR Shibeli OR Baua OR Daketa OR Fafen OR Genale OR Jerer OR Ramis OR T'er OR Wabe Gestro OR Wabe Shebele OR Welmel OR Dawa OR Madax Gooy OR Webi Shabelle,JUBA,Juba-Shibeli,N,"10,000+",,,
Kowl E Namaksar,KOWL,Kowl E Namaksar,N,"10,000+",,,
Kura OR Araks OR Azat OR Lori OR Mingacevir Reservior OR Aragvi OR Iori OR Khrami OR Ahar OR Ajy Chay OR Aras OR Qareh,KURA,Kura-Araks,N,"10,000+",,,
Lotagipi Swamp,LGPS,Lotagipi Swamp,N,"10,000+",,,
CAPS(Lima) OR Laguna de Antela,LIMA,Lima,N,"10,000+",,,
Lake Azuei,LKAZ,Lake Azuei,N,,,,
Lake Chad OR Bamingui OR Bangoran OR Bongoul OR Goro OR Gribingui OR Kamear OR Manovo OR Ouandja OR Ouham OR Oulou OR Pende OR Vakaga OR Vassako OR Yata OR Dillia OR Tegouma OR Kano OR Katagum OR Komadugu Gana OR Ngadda OR Yedseram OR Wadi Tiwal OR Ba illi OR Bahr Aoak OR Bahr Azourn OR Bahr el Ghazal OR Soro OR Bahr Ergig OR Bahr Keita OR Doka OR Bahr Salamat OR Chari OR Logone,LKCH,Lake Chad,N,,,,
Lake Cayo,LKCY,Lake Cayo,N,,,,
Lake Enriquillo,LKEQ,Lake Enriquillo,N,,,,
Lake Fagnano,LKFN,Lake Fagnano,N,,,,
Lake Natron OR Ewaso Ng'iro,LKNT,Lake Natron,N,,,,
Lake Prespa OR Frankovishte OR Grabovice OR Grunjas OR Hyle OR Jame OR Mujaz OR P.pusave OR Plloce OR Stropske OR Vakefi,LKPP,Lake Prespa,N,,,,
Lake Sarygamesh,LKSG,Lake Sarygamesh,N,,,,
Lake Ubsa OR Nur,LKUN,Lake Ubsa-Nur,N,,,,
Lempa OR Lago de Guya OR CAPS(Grande) OR  Embalse Cerron Grande,LMPA,Lempa,N,,,,
Limpopo OR Changane OR Elands OR Great Brak OR Great Letaba OR Klein Olifants OR Olifants OR Oompies OR Bubi OR Insiza OR Mchabezi OR Mtshabezi OR Mwenezi OR Shashe OR Thali OR Tuli OR Umtsabezi OR Umzingwani,LMPO,Limpopo,N,,,,
CAPS(La Plata) OR Bermejito OR Cataratas del Iguaza OR Chunapampa OR CAPS(Corrientes) OR Esteros del Ibera OR Iruya OR Parama OR CAPS(Pasaje) OR Pilaga OR CAPS(Salado) OR Teuco OR Uruguay OR Banados de Otaguis OR Camblaya OR Pilaya OR Tucaraca OR Yura OR Amambai OR Apore OR Araguari OR Arantes OR Bois OR Capivara OR Cascatinha OR CAPS(Claro) OR Corrente OR Corumba OR Da Prata OR Doce OR CAPS(Grande) OR Iguacu OR Iguatemi OR Irinheima OR Itarare OR Ivai OR Jaguaribe OR Juramento OR Mata OR Meia Ponte OR Mosquito OR Mourao OR Mulungu OR Parado OR Paran OR Parana Panema OR Paranaiba OR Paranapanema OR Pardo OR Piquiri OR Piracicaba OR Pirapitinga OR Prata OR Saltodas Sete Quedas OR Santa Luzia OR Sao Joao OR Sao Marcos OR Sucaria OR Tibagi OR Tiete OR Turro OR Acaray OR Apa OR Confaso OR Iguazu OR Monte Lindo OR Negro OR Parana OR Pilcomayo OR Tebicaary OR Timane OR CAPS(Verde) OR Yapane,LPTA,La Plata,N,,,,
Lucia,LUCI,Lucia,N,,,,
CAPS(Ma) OR Het,MAXX,Ma,N,,,,
Mekong OR Aiche He OR Bi OR Buyuan OR Chas OR Cheng Jiang OR Han Jiang OR Lianjiang OR Liu Jiang OR Long Jiang OR Mei He OR Mengliu He OR Mengmei He OR Ngom OR Qin Jiang OR Rong Jiang OR Shaping He OR Subaihe OR Weiyuan OR Wuhua He OR Wuhuahe OR Wuxi He OR Yangbi OR Yangmei He OR Za OR Zi OR  Chas OR Chbar OR Chhloug OR Chuok OR Daum OR Krieng OR CAPS(Por) OR Porong OR Preas OR Prek Thnot OR San OR Sanker OR Sen OR Slaku OR Sreng OR Srepok OR Stung O'Chral OR CAPS(Te) OR Thnot OR Tonle Sap OR Bak OR Bang Fai OR Bang-Nouan OR Beng OR Champhon OR CAPS(Don) OR Kading OR Kaman OR Khan OR Kong OR Lanong OR Lik OR CAPS(Ma) OR CAPS(Met) OR Moun OR Nam Ngum Reservoir OR Ngao OR Ngay OR Ngiap OR Ngum OR Noy OR CAPS(On) OR CAPS(Ou) OR Pak OR Payou OR Pha OR Phoun OR Pouy OR Tha OR Xang OR Xangxoy OR Xeipan OR Xeng OR Xong OR Xou OR Hka OR Loi OR Nanlei OR Nanlan OR Chi OR Hung OR Ing OR Kok OR Mong OR Mun OR Nam Pong OR Nong Han OR Pao OR Songkharam OR Ubolratna Reservoir OR Banghiang OR Co Chien OR Drang OR Han Giang OR Hardrai OR Krong OR CAPS(Sun),MEKO,Mekong,N,,,,
Mississippi OR Milk OR CAPS(North Fork Milk) OR CAPS(South Fork Milk) OR Porcupine Creek OR Willow Creek OR Rock Creek OR Snake Creek OR Beaver Creek OR CAPS(Little Beaver Creek)  OR Frenchman OR Whitewater Creek OR Cottonwood OR Battle Creek OR Lodge Creek OR Box Elder Creek OR Big Sandy Creek OR Sage Creek OR Verdigris Couless Or CAPS(Middle Fork Milk) OR Musselshell River OR Poplar OR CAPS(West Fork Poplar) OR CAPS(West Poplar) OR CAPS(Middle Fork Poplar RIver) OR CAPS(East Fork Poplar) OR CAPS(Big Muddy Creek) OR CAPS(Smoke Creek) OR CAPS(Lake Creek) OR CAPS(Big Muddy Lake) OR CAPS(Red River)OR Ohio OR Missouri OR Arkansas OR Illinois OR Allegheny OR Tennessee OR CAPS(Salt Lake) OR Loomis Coulee OR CAPS(East Poplar) OR CAPS(Goose Creek) OR CAPS(Coal Creek) OR Morgan Creek OR CAPS(Rock Creek) OR CAPS(Horse Creek) OR La Berge Creek ,MISS,Mississippi,N,,,,
CAPS(Negro),NEGR,Negro,N,,,,
Saskatchewan OR Amisk Lake OR Beaverhill Lake OR CAPS(Bow) OR Brazeau OR CAPS(Candle Lake) OR CAPS(Carrot) OR CAPS(Cedar Lake) OR Chin Coulee OR CAPS(Clear Water) OR Coulee OR CAPS(Eagle Creek) OR Etzikon Coulee OR Freshfield Icefield OR CAPS(Frog Lake) OR CAPS(Goose Lake) OR Kipp Coulee OR Lake Diefenbaka OR Lake Winnipeg OR CAPS(Little Bow) OR Manitoa Lake OR McGregor Lake OR Meinsinger Creek OR Minnewanka OR Nelson OR North Saskatchewan OR Oldman OR Pakowki Lake OR CAPS(Red)  OR South Saskatchewan OR Sturgeon OR CAPS(Torch) OR Travers Reservoir OR CAPS(White Fox) OR CAPS(Willow Creek) OR CAPS(Wood) OR Lake of the Woods OR Lake Sakakwer OR CAPS(Red River) of North OR Sheyenne,NELS,Nelson-Saskatchewan,N,,,,
Sirba OR Lagdo Reservoir OR CAPS(Rey) OR O:Ti-n-Amzi OR Milo OR Tinkisso OR Bagoe OR Bani OR Baoule OR Lac Do OR Lac Garou OR Lac Aougoundou OR Lac Korarou OR Lac Niangay OR Lake Debo OR Vallee de L'azaouak OR Dallol Bosso OR Eliki OR Mekrou OR Dinya OR Gongola OR Gurara OR Ka OR Kaduna OR Kainj Lake OR Kam OR Katsin a Ala OR Niger OR Oli OR Sokoto OR Taraba OR Teshi OR Wase OR Zamfara OR Benue,NGER,Niger,N,,,,
Nahr El Kebir,NHRK,Nahr El Kebir,N,,,,
Lake Nasser OR Nile OR Abay OR Akkobo OR Angereb  OR Baro OR Beles OR Dabus OR Didesa OR Dinder OR Gilo Wenz OR Hanger OR Jema OR Rahad OR Tana Hayak OR T'is Isat Fwafwate OR Akobo OR Atbara OR Bahr el Arab OR Bahr el Ghazal OR Bahr el Jebel OR Mountain Nile OR Bahr ez Zar af OR Boro OR Busseri OR El Bahr Abyad OR El Bahr el Azraq OR Blue Nile OR Gel OR Geni OR Ibba OR Tonj OR Jur OR Kangen OR Kenamuke Swamp OR Khashm el Quiba Dam OR Knor Abu Habi OR Kobowen Swamp OR Kuru OR Lake No OR Lake Nubia OR Lol  OR Lotilla OR Nyanding OR Pibor OR Pongo OR Raga OR Raqaba ez Zarqa OR Roah OR Na'am OR Setit OR Tekeze OR Sobat OR CAPS(Sue) OR Umbelasha OR Veveno OR Wadi Amur OR Wadi el Allaqi OR Wadi el Ghalla OR Wadi el Milk OR Wadi Gabgaba OR Wadi Muqaddm OR Wau OR Yei OR Achwa OR Morotto OR Albert Nile OR Kafu OR Lake Albert OR Lake George OR Lake Kyoga OR Lake Victoria OR Nkusi OR Peger OR Victoria Nile OR White Nile OR Busizi OR Lac Kivu OR Lake Edward OR Lake Tanganyika OR Semliki,NILE,Nile,N,,,,
Neman OR Byarezina OR Isloch' OR Kotra OR Mowchadz OR Shchara OR Srislach OR Usa OR Viliya OR Voz. Narach OR Voz. Srir OR Vynya OR Zal'ryanka OR Akmend OR Dievogala OR Dubysa OR Dusia OR Grauze OR Jura OR Mitura OR Nemunas OR Neris OR Nevezis OR Nova OR Obelis OR Ova OR Sesuris OR Striuna OR Susre OR Sventoji,NMAN,Neman,N,,,,
Ertix OR Ulungur Hu OR Ertis OR Marqukol OR Zaysan Koli OR Agan OR Chulm OR Dem'yanka OR Irtysh OR Iset' OR Ishim OR Katun' OR Kazum OR Ket' OR Koli' yegan OR Lisitsa OR Ob OR Om' OR Parabel OR Pelym OR Rim OR Sabun OR Tara OR Tavda OR Tobol OR Turtas OR Tym OR Uluyul OR Vagay OR Vakh OR Vasyugan,OBXX,Ob,N,,,,
CAPS(Oral) OR Ural,ORAL,Oral/Ural,N,,,,
Auob OR CAPS(Fish) OR CAPS(Ham) OR Nossob OR Olifants OR Boskloof OR CAPS(Bulk) OR Caledon OR Dwars OR Flouriespruit OR CAPS(Great Fish) OR Groot OR Groot Vloer OR Harts OR Heks OR Houdenbek OR Kaffir OR Kammanassie OR Kareekloof OR Kariega OR Kgabanyane OR Klip OR Koekedou OR Kromme OR Kruis OR Kuruman OR Laughin Water OR Leeu OR Loopspruit OR CAPS(Lower Fish) OR Mahawana OR Modder OR Molopo OR Mooi OR Nuwejaarspruit OR Oorkanste OR CAPS(Orange) OR Palmiet OR Populierbosspruit OR Quains OR Rietspruit OR Rooikloof OR CAPS(Sand) OR Sanddriftskloof OR Sandgat OR Skaap OR Smalblaar OR Swartkops OR Tarka OR Titus OR Vaal OR Vaal Dam OR Valsh OR Van Stadens OR Verneuk Pan,ORAN,Orange,N,,,,
Orinoco OR Ariporo OR Bichada OR Bichado OR Bita OR Bocon OR Craro Norte OR Craw Sur OR Cusiana OR Guainia OR Guaviare OR Guayabera OR Inirida OR La Garcia OR  La Gallinaza OR Losada OR Manacacias OR Mapiripan OR Nare OR Pauto OR CAPS(Playas) OR Salto Angostara I OR Salto Angostura II OR Salto Angostura III OR Tomo OR Tuparro OR Upia OR Ura OR Apure OR Arauca OR Buria OR Capana Paro OR Caroni OR Casiquiare OR Caura OR Chivapuri OR Cinaruco OR Cojedos OR Conorochite OR Cuchiveto OR Embalse de Guri OR Embalse de Guarico OR Erbetuto OR Gaurico OR Guanare OR CAPS(Meta) OR Paco OR Paragua OR Paru OR Parucito OR Portuguesa OR Siapa OR Sipapo OR Suapure OR Ventuari,ORIN,Orinoco,N,,,,
CAPS(Paz),PAZX,Paz,N,,,,
Maggia OR Meosa OR Moesa OR Ticina OR Adda OR Agogna OR Albano OR Arda OR Armisa OR Aveto OR Aviana OR Avio OR Avisio OR Baitone OR Belbo OR Belviso OR Bitto Di Gerola OR Boreaca OR Borleggia OR Bormida OR Brembo OR Brembo Di Branzi OR Caffaro OR Careser OR Caronno OR Ceno OR Cherio OR Chiese OR Chisone OR Cormor OR Dora Baltea OR Dora Riparia OR Elvo OR Enza OR Goglio OR Gorno OR Grana OR Grigno OR Inferno OR Bitto OR Laghetti Del Venerocolo OR Lago d' Iseo OR Lago d' Orta OR Lago di como OR Lago di Garda OR Lago di lecco OR Lago Maggiore OR Laione OR Leno Di Vallarsa OR Liro OR Lovareno OR Maira OR Mera OR Mincio OR Mora OR Noana OR Noce OR Noce Di Val Dal Monte OR Nure OR Oglio OR Ogna OR Orba OR Paharo OR Parma OR Pellice OR Po OR Poglia OR Poglia-Arno OR Poglia-Salarno OR Ratti OR Rio Castelletto OR Roasco OR Roasco D'Eita OR Sarca OR Scalcoggia OR Scrivia OR Secchia OR Seio OR Serio OR Sesia OR Sila OR Stabina OR Stura di Demonte OR Tanaro OR Taro OR Tartano OR Tidone OR Toscolano OR Travignolo OR Trebbia OR Truzzo OR Varaita OR Varrone OR Venina,POXX,Po,N,,"10,000+",,
Pascua,PSCU,Pascua,N,,800-990 left,,
Pu Lun T'o,PULT,Pu Lun T'o,N,,"10,000+",,
Rann of Kutch,RAKU,Rann of Kutch,N,,"2,373",,
CAPS(Red) OR Song Hong OR Amo OR Babian OR Lishe OR Lixian OR Luzhi OR Nanmuli He OR Nanpan Jiang OR Nanpanjiang OR Tangqiao He OR Xida He OR Chay OR CAPS(Da) OR Gam OR Kim OR Lo OR Luc Ngan OR CAPS(Ma) OR Meuk OR CAPS(Na) OR Nhie,REDX,Red/Song Hong,N,,,,
Rezvaya,REZV,Rezvaya,N,,No documents found,,
del Pino OR de la Bagia OR de la Zorra OR Agua Zarca OR Alamo OR Arroyo La Mina OR C. Camargo OR Candela OR Casas Coloradas OR Cerro Coloradas OR Cerro Gordo OR Chuviscar OR Conchos OR El Guardad OR El Rejon OR Florido OR Garabito OR Groceros OR La Sauceda OR Laguna Delicas OR Los Hoyos OR Los Mimbres OR Parral OR Pilon OR Presa de la Boquilla OR Presa Marte R. Comez OR Presa Venustiano Carranza OR Sabinas OR Sacramento OR Salado OR Salado y Salinas OR San Juan OR San Pedro OR San Rodrigo OR Seis de Enero OR Tunal OR Valsequillo OR Abiquin Reservoir OR Alamosa OR Amistad Reservoir OR Arroyo del Macho OR Brady Creek OR Brantley Lake OR Caballo Reservoir OR Cherokee Sandy Creek OR Coal Creek OR Comelys Branch OR Coyanosa Draw OR Curtis Canyon OR Delaware Creek OR CAPS(Devils) OR Elephant Butte Reservoir OR Falcon Lake OR Flat Rock Creek OR Gallinas OR Garrison Creek OR Gold Gulch OR Graveyard Canyon OR Guayo OR Howard Draw OR Independence Creek OR Jonson Draw OR Lake Avalon OR Lake Summer OR North Cheyenne Creek OR North Clear Creek OR Pecos OR Pellejas OR Pinto Creek OR Red Bluff Lake OR Rio Blanco OR Rio Chuma OR Rio Felix OR Rio Grande OR Rio Grande De Arecibo OR Rio Grande Reservoir OR Rio Hondo OR  Rock Arroyo OR Rio Penasco OR Rio Puerco OR Rio Salado OR Rio San Jose OR Salt Creek OR San Carlos  OR Santa Fe OR South Brady Creek OR Toyah Creek OR Toyah Lake OR Trinchera Creek OR CAPS(Vacas) OR Venturo Creek OR Washington Creek OR Williams Creek,RGNA,Rio Grande (North America),N,,,,
CAPS(Rio Grande) OR CAPS(Grande) OR Hurtado,RGSA,Rio Grande (South America),N,,,,
Rach Giang Thanh,RGTH,Rach Giang Thanh,N,,"2,792",,
Rhine OR Meuse OR Aare OR Birs OR Boden see OR Lake Constance OR Diechterbach OR Goschener-reuss OR Hinter rhein OR Oberaarbach OR Reuss OR Rhein da Medal OR Russein OR Sarine OR Toss OR Tscherzisbach OR Vorder rhein OR Zurich see OR Aa OR Aar OR Ahr OR Andrift OR Dreilagerbach OR Eder OR Elz OR Erft OR Glan OR Issel OR Kall OR Kinzig OR Kyll OR Lahn OR Lenne OR Main OR Mosel OR Moselle OR Murg OR Nahe OR Nidda OR Nidder OR Nister OR Perlenbach OR Rehbach OR Ruhr OR Rur OR Schwalm OR Sieg OR Taaber OR Wetter OR Wied OR Wiese OR Ain OR Etang de Lachaus see OR Ill OR Moder OR Orne OR Rhin OR Saar OR Thur OR I Jssel OR Lek OR Linge OR Nederrijn OR Nieuwe Maas OR Waal,RHIN,Rhine-Meuse,N,,,,
Lake Geneva OR CAPS(Rotten) OR Aigues OR Ain OR Arc OR Ardeche OR Arly OR Asse OR Balaing OR Buech OR Cenise OR Dorinet OR Doron De Beaufort OR Doubs OR Drac OR Drome OR Durance OR Eau D'Olle OR Fier OR Flumet OR Gees OR Geez OR Grosne OR Infernet OR Lac d'anneay OR Lac de Serre-ponson OR Lac du Bourget OR Lac Leman OR Lone OR Poncellamont OR Rhone OR Riou OR Rious Gras OR Romanche OR Saone OR Torrent de la Sassiere OR Verdan OR Veyle OR Isere,RHON,Rhone,N,,,,
Sabi OR Lake Muririkwi OR Maroro OR Mukwadzi OR Munene OR Muneni OR Musongwa OR Mutirikwi OR Mutorashanga OR Mwarazi OR Ngezi OR Odzani OR Odzi OR Runde OR Squatodzi,SABI,Sabi,N,,"8,283",,
Santa Clara,SACL,Santa Clara,N,,"10,000+",,
Nha Be OR Saigon OR Song Vam Co Dong,SAIG,Nha Be-Saigon-Song Vam Co Dong,N,,"2,083",,
Salween OR Kuke OR Hsim OR Inle Lake OR CAPS(Ma) OR Nanding OR Pang OR Pawn OR Pilu OR Teng OR Moei OR Nan,SALW,Salween,N,,"10,000+",,
Sassandra OR Lac de Buyo OR Lobo OR Nzo,SASS,Sassandra,N,,"1,445",,
St. Croix OR Chiputneticook,SCRO,St. Croix,N,,"2,664",,
Seine OR Aube OR Eure OR Iton OR Marne OR Oise OR Vanne OR Yonne,SEIN,Seine,N,,"10,000+",,
Senegal OR Bafing OR Bakoye OR Baoule OR Karakoro OR Kolimbine OR Ouadou OR Gorgol Blanc,SENG,Senegal,N,,"10,000+",,
Seno Union OR Serrano,SENO,Seno Union/Serrano,N,,"1,979",,
Song Tien Yen,SGTY,Song Tien Yen,N,,"10,000+",,
Shu OR Chu,SHUR,Shu/Chu,N,,,,
St. John ,SJAF,St. John (Africa),N,,,,
St. John OR Canaan OR Monquart OR Saint John OR Sisson OR Thames OR CAPS(Verde) OR Allasash OR CAPS(Eagle Lake) OR CAPS(Fish) OR CAPS(Long Lake) OR Munsungan lake OR Musquacook Lakes OR CAPS(Round Pond) OR Sqnapan Lake OR Umsaskis Lake,SJNA,St. John (North America),N,,,,
San Juan OR Chiripo OR Lagoon De Arenal OR San Carlos,SJUA,San Juan,N,,"10,000+",,
Skagit,SKAG,Skagit,N,,,,
Batoscam OR Bazin OR Beaharnois Canal OR Chaudiere OR Chicoutimi OR Chochocouane OR Coulonge OR Cross Lake OR Damoine OR Des Prairies OR Fildegrand OR Gatineau OR Gens De Terre OR Gradn Lac Victoria OR Grande Decharge OR Jacques-Cartier OR Jordan OR Kiamika OR Lac Batiscan OR Lac Byrd OR Lac Camachigama OR Lac Dandurand OR Lac des Quinze OR Lac Desert OR Lac du Fils OR Lac Dumoine OR Lac Dumont OR Lac Nemiscachingue OR Lac Poulter OR Lac Roger OR Lac Simard OR Lac St. Patrice OR Lac St. Pierre OR Lac Beaudry OR Lac Brule OR Lake Temagami OR Lake Timiskaming OR Lake Wayagamac OR Larder Lake OR Lievre OR Madawaska OR Manicouagan OR Matabitchuan OR Michipicoten OR Mississagi OR Mistigougueche OR Mitchinamecus OR Mitis OR Montreal OR CAPS(Noire) OR Outaouais Inf. OR Outardes OR Pend D'Oreille OR Peribonka OR Prairies OR River Des OR Du Lievre OR Red Ceder Lake OR Baskatong OR Cabonga OR Decelles OR Dozois OR Richelieu OR Rideau OR Riviere Des Quinze OR Ruisseau La Loutre OR Saguenay OR Saquenay Petite OR Shipshaw OR St. Maurice OR CAPS(Trout Creek) OR Victoria OR CAPS(White Bear) OR Winnepeg OR CAPS(Cranberry Lake) OR East Branch Oswegatchie OR Lake Champlain OR Lake George OR Lake Ontario OR Menominee OR Niagara OR Ottawa OR CAPS(Pine Creek) OR Raquette OR St. Lawrence OR Surannac Lakes,SLAW,St. Lawrence,N,,,,
San Martin,SMAR,San Martin,N,,"10,000+",,
St. Paul OR Diani,SPAU,St. Paul,N,,"10,000+",,
Stikine OR Chutine OR Kinaskan Lake OR Klappan OR Pitman OR Spatsizi OR Tahltan OR Tahltan Lake OR Tanzilla OR Tumeka Lake OR Tuya,STKN,Stikine,N,,,,
Tagus OR A Campon OR Alagon OR Alberche OR Algodor OR Arroyo Canares OR Arroyo de la Venta OR Arroyo Esparragalejo OR Arroyo Helechal OR Embalse de Alcantara I OR Embalse de Alcantara II OR Embalse de Borbollon OR Embalse de El Vado OR Embalse de Entrepenas OR Embalse de Gagriel y Galan OR Embalse de Rosarito OR Embalse de Santillana OR Embalse de Buendia OR Embalse del Burguillo OR Fresnera OR Generala OR Guadarrama OR Guadiela OR Guadiloba OR Henares OR Jarama OR Jartin OR Lozoya OR Manzanares OR Navalmedio OR Pradera OR Salor OR Tajo OR Tajo y Sever OR Tajuna OR Tamuja OR Tietar OR Yedra OR Alva OR Barragem de Cabril OR Barragem de Maranhao OR Barragem de Montargil OR Barragem de Pracana OR Embalse De Cedillo OR Erges OR Mondego OR Muje OR Ocreza OR Ponsul OR S. Vicente OR Seda OR Sever OR Soa OR Sor OR Sorraia OR Tejo OR Toulica OR Zezere,TAGU,Tagus/Tejo,N,,,,
Taku OR Inklin OR Nahlin OR Nakina OR Shes Lay OR Sloko,TAKU,Taku,N,,,,
Tana OR Anarjohka OR Karasjokka,TANA,Tana,N,,,,
Shatt al Arab OR Dez OR Dicle OR Euphrates OR Karun OR Kashkan OR Lesser Zab OR Simareh OR Sultansuyu OR Tigris OR Tigris Khabur OR Al'Uzaym OR Aq Su OR Diyala OR Habbaniyah Lake OR Hawr al Awadh OR Hawr al Hammar OR Hawr as sa' diyah OR Hawr as saniyah OR Hawr as Sunwayquyah OR Razzaza Lake OR Sha'ib Hasb OR Tawuq Chay OR Tharthar Lake OR Wadi al Mani OR Wadi al Ubayyid OR Wadi Amij OR Wadi ar Patqah OR Wadi at Tubal OR Wadi Hawran OR Wadi Mulshi OR Wadi 'Ukash OR Zab al Kabir OR Zab assaghir OR Little Zab OR Wadi al Batin OR Wadi al Khurr OR Wadi Arar OR Wadi atTubal OR Wadi Hamir OR Buhayrat al Asad OR Sajur OR Wadi Shatnat as Salmas OR Frat OR Great Zab OR Khabur OR Murat OR Nizip OR Peri OR Tohma,TIGR,Tigris-Euphrates/Shatt al Arab,N,,,,
Tijuana,TIJU,Tijuana,N,,,,
Tuloma OR Iova OR Kovda OR Lotta OR Paz OR Tuloma OR Verhnetulomskoe OR Voroniya,TULM,Tuloma,N,,,,
Vanimo OR CAPS(Green),VAGR,Vanimo-Green,N,,,,
Vijose OR Brete OR Caush OR Cekreze OR Cycen OR Divjak OR Drin OR Dukaj OR Dushk OR Erzen OR Gadurove OR Germet OR Gjanice OR Gjokaj OR Gjynagal OR Holte OR Karbunar OR Kryekugi OR Malthike OR Manastir OR Manasufaj OR Morush OR Murriz OR Nashies OR P. madh OR Paskugan OR Pellg OR Perit OR Petresh OR Peze OR Prroi I zi OR Prroji arrave OR Prroji buzit OR Prroji zi OR Purrez OR Sauk OR Shegas OR Shkumbin OR Shupal OR Skrevanit OR Subloze OR Suka OR Tapize OR Teplas OR Terkuze OR Tirane OR Tomorrice OR Uji mbare OR Vashaj OR Vinokash OR Vrap OR Zajce OR Zh.I kuq OR Aoos OR Vjose,VJSE,Vijose,N,,Unable to download excel,,
Volga OR Sheksna,VOLG,Volga,N,,,,
Volta OR Massili OR Mouhoun OR CAPS(Black Volta) OR Nakanbe OR CAPS(White Volta) OR Nazinon OR CAPS(Red Volta) OR Nkambe OR Volta Blanche OR Daka OR Kulpawn OR Oti OR Tono,VOLT,Volta,N,,,,
Vistula OR Wista OR Lyasnaya OR Mukhavyets OR Ryta OR Biata OR Biatka OR Bug OR Bystrzyca OR Bzura OR Czarna OR Drweca OR Dtubnia OR Dunajec OR Itzanka OR Jezioro Jeziorak OR Jeziorka OR Krzna OR CAPS(Leg) OR Liwiec OR Lubuczowka OR Mtawka OR Nida OR Nurzec OR Ostaroa OR Pilica OR Raba OR Radomka OR Rzadza OR CAPS(San) OR Skrwa OR Sona OR Swider OR Wieprz OR Wistok OR Wistoka OR Wkra OR Wolica OR Zielawa OR Ozera Svityaz'ka,VSTL,Vistula/Wista,N,,,,
Whiting,WHIT,Whiting,N,,,,
Aros OR Laguna de los Mexicanos OR Nacozari OR Papigochic OR Presu de la Angostura OR Santa Maria OR Tomochic OR Tutuaca OR Yaqui,YAQU,Yaqui,N,,,,
Jenisej OR Yenisey OR Angara OR Bakhta OR Bol Kheta OR Braskove Vdkhr OR Chadobets OR Chuna OR Egiyn OR Hanuy OR Ider OR Ilim OR Irkut OR Kan OR Kas OR Kochechan OR Nidym OR Nizhnyaya Tunguska OR Oka OR Ornon OR Oz. Keta OR Oz. Khantayskoye OR Oz. Pyasino OR Oz. Agaa OR Ozero Baykal OR Ozero Lama OR Podkamennaya Tunguska OR Selenge OR Sym OR Taymura OR Tembenchi OR Turu OR Tutonchana OR Uchami OR Uda OR Vel'mo OR Vivi OR Yeloguy OR Yenisei,YNSY,Jenisej/Yenisey,N,,,,
Arm OR Atlin Lake OR Bennett Lake OR CAPS(Big Creek) OR Big Kalzas Lake OR CAPS(Big Salmon) OR CAPS(Brooks Arm) OR Chandindu OR Claire Lake OR Diamain Lake OR Donjek OR Drary Lake OR Earn Lake OR Fortymile OR Frenchman Lake OR Gladys Lake OR Jennings OR Jennings Lakes OR Kalzas OR Klondike OR Kluane Lake OR Laforce Lake OR CAPS(Lake Creek) OR Lake Laberge OR Little Atlin Lake OR CAPS(Little Salmon Lake) OR CAPS(Long Lake) OR Magundy OR CAPS(Mayo) OR CAPS(Moose Lake) OR N. CAPS(Big Salmon) OR Nisling klaza OR Nisultin Lake OR Nisutlin OR Nome Lake OR Nordenskiold OR Pelly OR CAPS(Quiet Lake) OR Sixty mile OR Stewart OR Stokes Lake OR Surprise Lake OR Swift OR Tagosj Lake OR Talbot Arm OR Tatlman Lake OR Tay OR Teslin Lake OR Tincap Lake OR Tutshi Lake OR Wellesley Lake OR CAPS(White) OR CAPS(Wolf Lake) OR Yukon OR Alatna OR Andreafsky OR CAPS(Bear Creek) OR CAPS(Beaver Creek) OR CAPS(Big Creek) OR CAPS(Big Creek Diversion) OR CAPS(Big Mud) OR CAPS(Birth Creek) OR CAPS(Black) OR Bonasila OR CAPS(Bull Creek) OR Chandalar OR Chandalar Lake OR Charley OR Chena OR Chisana OR Chitanana OR Christian OR Clear Creek OR Cosna OR CAPS(Crow) OR Curlew Lake OR Dakli OR Dalbi OR Dall OR Dela OR Dennison Fork OR CAPS(Dry Creek) OR East Fork Chandalar OR East Fork Andreafsky OR CAPS(Fish Creek) OR CAPS(Fish Lake) OR CAPS(Flat Creek) OR Foraker OR Forty mile OR Gisasa OR Goodpaster OR CAPS(Grass) OR Grayling Fork OR Hadweenzic OR Healy OR Healy Lake OR Henshaw Creek OR Herron OR Hess Creek OR Hodzana OR Hogatza OR Huslia OR CAPS(Indian) OR Indian Creek OR Iniakuk OR Innoko OR Jarvis Creek OR Jim OR John OR Junjik OR Kanati OR Kandik OR Kantisnna OR Kateel OR Kaum Lake OR Khotol OR Kobuk OR Koness OR Koyukuk OR Kulik Lake OR Ladue OR Lake George OR Lake Minchumina OR Litte Melozitna OR Little Black OR Little Delta OR CAPS(Little Mud) OR CAPS(Lost) OR Lost Creek OR Lower Mouth OR Marten Creek OR Mckinley OR Melozitna OR Middle Fork Fish Creek OR Middle Fork Fortymile OR CAPS(Moose Creek) OR Mosquito Fork OR CAPS(Mud Creek) OR N. Fork Indian Creek OR N. Ladue OR N. CAPS(Fork) OR N. Fork Fortymile OR Nabesna OR Nageethluk OR Nation OR Nenana OR Nest Creek OR Norutak Lake OR Nowitna OR Nulato OR Old John Lake OR Preacher Creek OR Ray OR CAPS(Reindeer) OR Run Creek OR S. Fork koyukuk OR Salcha OR CAPS(Salmon Fork) OR Seventy mile OR Sheenjek OR Smoke Creek OR Staver Creek OR Sucker OR Sulutna OR Susulatna OR Tanana OR Tatalina OR Tatlanika OR Tatondak OR Teklanika OR Telsitna OR Tetlin Lake OR Titna OR Tok OR Toklat OR Tolovana OR Tozitna OR CAPS(Trail Creek) OR Upper Mouth OR Victoria Creek OR W. Fork Fortymile OR CAPS(Wild) OR CAPS(Wind)  OR Woman Creek OR CAPS(Wood) OR Yuki OR Zitziana,YUKN,Yukon,N,,,,
Zambezi OR Capembe OR Cuando OR Lomba OR Luangundo OR Luena OR Luiana OR Lungue-Bungo OR Lungwebunga OR Quembo OR Utembo OR Lago de Cahora Bassa OR Lake Chilwa OR Lake Malawi OR Lake Malombe OR Shire OR Basanga Swamp OR Dongwe OR Kabompo OR Lake Itezhi-Tezhi OR Linyati Chobe OR Luanginga OR Luege OR Lui OR Lukanga Swamp OR Lungwebungu OR Manyinga OR Mwom Bezhi OR Njoko OR West Lunga OR Changa OR Chirareri OR Dande OR Dere OR Dondo OR Gwayi OR Gwebi OR Kafue OR Lake Chivero OR Lake Kariba OR Manyame OR Marirangwe OR Mazowe OR Mtsike OR Munenga OR Munera OR Munganwa OR Munwa OR Munyati OR Munyera OR Munzi OR Mupfurudzi OR Mupinge OR Murowodzi OR Musengesi OR Mvumi OR Mwenje OR Nora OR Nyamanu OR Pembi OR Pote OR Nyama-shanga OR Rukute OR Ruya OR Saruwe OR Sengwa OR Serui OR Setorwe OR Shangani OR Suri Suri OR Susuje OR Umrodzi OR Umwindsi OR Vureneme OR Zambesi,ZAMB,Zambezi,N,,,,
Zapaleri,ZAPL,Zapaleri,N,,No Results,,
Allahein,ALHN,Allahein,N,,,,
Ems OR Eems OR Westerwoldse Aa OR Dollart OR Dollard OR Werse OR Munstersche Aa OR Hunze OR Drentsche Aa,EMSX,Ems,N,,,,
Loa OR Silala OR Siloli OR Inacaliri OR Cajon OR San Pedro OR Salado OR Toconce ,LOAX,Loa,N,,,,